handle,title,brand,categories,gender,family_ro,family_ru,family_en,notes,notes_top,notes_heart,notes_base,description_ro,description_ru,description_en,images,is_new,is_hit,volume,sku,price,old_price,stock,is_active
AFNAN-TURATHI-BROWN,Turathi Brown Eau de Parfum,afnan,barbati,male,Lemnos Condimentat,Древесный Пряный,Woody Spicy,aldehyde-c-10|aldehyde-c-12-mna|aldehydes|almond|amber|ambergris|amber-xtreme|ambrettolide|ambrocenide|ambroxan-ambroxide,aldehyde-c-10|aldehyde-c-12-mna|aldehydes,almond|amber|ambergris|amber-xtreme,ambrettolide|ambrocenide|ambroxan-ambroxide,"Un amestec captivant de condimente proaspete și lemn cald. Se deschide cu citrice energizante, evoluează în floral și picant, și se așeză într-un final mosc-balsamic. Perfect pentru serile răcoroase.","Пленительное сочетание свежих специй и тёплого дерева. Открывается бодрящими цитрусовыми нотами, переходит в цветочно-пряное сердце и оседает в мускусно-бальзамическом финише. Для вечернего образа и прохладных сезонов.","A captivating blend of fresh spices and warm woods. Opens with energising citrus, evolves into florals and spice, settles into a musky balsamic finish. Perfect for evening wear and cooler seasons.",Afnan-Turathi Brown-2.webp,,0,5ml,AFNAN-TB-90,100,,,1
AFNAN-TURATHI-BROWN,Turathi Brown Eau de Parfum,afnan,barbati,male,Lemnos Condimentat,Древесный Пряный,Woody Spicy,aldehyde-c-10|aldehyde-c-12-mna|aldehydes|almond|amber|ambergris|amber-xtreme|ambrettolide|ambrocenide|ambroxan-ambroxide,aldehyde-c-10|aldehyde-c-12-mna|aldehydes,almond|amber|ambergris|amber-xtreme,ambrettolide|ambrocenide|ambroxan-ambroxide,"Un amestec captivant de condimente proaspete și lemn cald. Se deschide cu citrice energizante, evoluează în floral și picant, și se așeză într-un final mosc-balsamic. Perfect pentru serile răcoroase.","Пленительное сочетание свежих специй и тёплого дерева. Открывается бодрящими цитрусовыми нотами, переходит в цветочно-пряное сердце и оседает в мускусно-бальзамическом финише. Для вечернего образа и прохладных сезонов.","A captivating blend of fresh spices and warm woods. Opens with energising citrus, evolves into florals and spice, settles into a musky balsamic finish. Perfect for evening wear and cooler seasons.",Afnan-Turathi Brown-2.webp,,0,10ml,AFNAN-TB-90,200,,,1
AFNAN-TURATHI-BROWN,Turathi Brown Eau de Parfum,afnan,barbati,male,Lemnos Condimentat,Древесный Пряный,Woody Spicy,aldehyde-c-10|aldehyde-c-12-mna|aldehydes|almond|amber|ambergris|amber-xtreme|ambrettolide|ambrocenide|ambroxan-ambroxide,aldehyde-c-10|aldehyde-c-12-mna|aldehydes,almond|amber|ambergris|amber-xtreme,ambrettolide|ambrocenide|ambroxan-ambroxide,"Un amestec captivant de condimente proaspete și lemn cald. Se deschide cu citrice energizante, evoluează în floral și picant, și se așeză într-un final mosc-balsamic. Perfect pentru serile răcoroase.","Пленительное сочетание свежих специй и тёплого дерева. Открывается бодрящими цитрусовыми нотами, переходит в цветочно-пряное сердце и оседает в мускусно-бальзамическом финише. Для вечернего образа и прохладных сезонов.","A captivating blend of fresh spices and warm woods. Opens with energising citrus, evolves into florals and spice, settles into a musky balsamic finish. Perfect for evening wear and cooler seasons.",Afnan-Turathi Brown-2.webp,,0,Full Size,AFNAN-TB-90,800,,,1
MA-ENCODE-MOUNTAIN,Encode Mountain Eau de Parfum,maison-alhambra,barbati,male,Lemnos Proaspăt,Свежий Древесный,Fresh Woody,aldehyde-c-10|aldehyde-c-12-mna|aldehydes|almond|amber|ambergris|amber-xtreme|ambrettolide|ambrocenide|ambroxan-ambroxide,almond|amber|ambergris|amber-xtreme,aldehyde-c-10|aldehyde-c-12-mna|aldehydes,almond|amber|ambergris|amber-xtreme,"Proaspăt și robust, captând spiritul naturii și al forței. Se deschide cu violetă, lavandă și grapefruit, înflorește în salvie și iasomie, și se încheie cu cedru și ambră caldă. Pentru bărbați activi și îndrăzneți.","Свежий и брутальный аромат, передающий дух природы и силы. Открывается фиалкой, лавандой и грейпфрутом, раскрывается шалфеем и жасмином, завершается кедром и тёплой амброй. Для уверенных и активных мужчин.","Fresh and rugged, capturing the spirit of nature and strength. Opens with violet, lavender and grapefruit, blooms into clary sage and jasmine, and settles into cedarwood and warm amber. For grounded, adventurous men.",Maison Alhambra-Encode Mountain-1.webp|Maison Alhambra-Encode Mountain-2.jpg|Maison Alhambra-Encode Mountain-3.webp,,0,5ml,MA-EM-100,100,,,1
MA-ENCODE-MOUNTAIN,Encode Mountain Eau de Parfum,maison-alhambra,barbati,male,Lemnos Proaspăt,Свежий Древесный,Fresh Woody,aldehyde-c-10|aldehyde-c-12-mna|aldehydes|almond|amber|ambergris|amber-xtreme|ambrettolide|ambrocenide|ambroxan-ambroxide,almond|amber|ambergris|amber-xtreme,aldehyde-c-10|aldehyde-c-12-mna|aldehydes,almond|amber|ambergris|amber-xtreme,"Proaspăt și robust, captând spiritul naturii și al forței. Se deschide cu violetă, lavandă și grapefruit, înflorește în salvie și iasomie, și se încheie cu cedru și ambră caldă. Pentru bărbați activi și îndrăzneți.","Свежий и брутальный аромат, передающий дух природы и силы. Открывается фиалкой, лавандой и грейпфрутом, раскрывается шалфеем и жасмином, завершается кедром и тёплой амброй. Для уверенных и активных мужчин.","Fresh and rugged, capturing the spirit of nature and strength. Opens with violet, lavender and grapefruit, blooms into clary sage and jasmine, and settles into cedarwood and warm amber. For grounded, adventurous men.",Maison Alhambra-Encode Mountain-1.webp|Maison Alhambra-Encode Mountain-2.jpg|Maison Alhambra-Encode Mountain-3.webp,,0,10ml,MA-EM-100,200,,,1
MA-ENCODE-MOUNTAIN,Encode Mountain Eau de Parfum,maison-alhambra,barbati,male,Lemnos Proaspăt,Свежий Древесный,Fresh Woody,aldehyde-c-10|aldehyde-c-12-mna|aldehydes|almond|amber|ambergris|amber-xtreme|ambrettolide|ambrocenide|ambroxan-ambroxide,almond|amber|ambergris|amber-xtreme,aldehyde-c-10|aldehyde-c-12-mna|aldehydes,almond|amber|ambergris|amber-xtreme,"Proaspăt și robust, captând spiritul naturii și al forței. Se deschide cu violetă, lavandă și grapefruit, înflorește în salvie și iasomie, și se încheie cu cedru și ambră caldă. Pentru bărbați activi și îndrăzneți.","Свежий и брутальный аромат, передающий дух природы и силы. Открывается фиалкой, лавандой и грейпфрутом, раскрывается шалфеем и жасмином, завершается кедром и тёплой амброй. Для уверенных и активных мужчин.","Fresh and rugged, capturing the spirit of nature and strength. Opens with violet, lavender and grapefruit, blooms into clary sage and jasmine, and settles into cedarwood and warm amber. For grounded, adventurous men.",Maison Alhambra-Encode Mountain-1.webp|Maison Alhambra-Encode Mountain-2.jpg|Maison Alhambra-Encode Mountain-3.webp,,0,Full Size,MA-EM-100,800,,,1
MA-MONOCLINE-05,Monocline 05 Eau de Parfum,maison-alhambra,unisex,unisex,Lemnos Citric,Древесный Цитрусовый,Woody Citrus,aldehyde-c-10|aldehyde-c-12-mna|aldehydes|almond|amber|ambergris|amber-xtreme|ambrettolide|ambrocenide|ambroxan-ambroxide,ambrettolide|ambrocenide|ambroxan-ambroxide,almond|amber|ambergris|amber-xtreme,aldehyde-c-10|aldehyde-c-12-mna|aldehydes,"Minimalist, modern și învăluitor. Note citrice vibrante deschid compoziția, o inimă florală adaugă eleganță, iar o bază lemnoasă caldă asigură longevitate. Pentru cei care apreciază puritatea și sofisticarea discretă.","Минималистичный, современный и обволакивающий унисекс-аромат. Яркие цитрусовые ноты открывают композицию, флоральное сердце добавляет элегантность, а тёплая древесная база обеспечивает долгое звучание. Для тех, кто ценит чистоту и сдержанное совершенство.","Minimalist, modern, and enveloping unisex fragrance. Vibrant citrus top notes open the composition, a floral heart adds elegance, and a warm woody base ensures lasting wear. For those who appreciate purity and understated sophistication.",Maison Alhambra-Monocline 05-1.webp|Maison Alhambra-Monocline 05-2.jpg|Maison Alhambra-Monocline 05-3.webp,,0,5ml,MA-MO-100,100,,,1
MA-MONOCLINE-05,Monocline 05 Eau de Parfum,maison-alhambra,unisex,unisex,Lemnos Citric,Древесный Цитрусовый,Woody Citrus,aldehyde-c-10|aldehyde-c-12-mna|aldehydes|almond|amber|ambergris|amber-xtreme|ambrettolide|ambrocenide|ambroxan-ambroxide,ambrettolide|ambrocenide|ambroxan-ambroxide,almond|amber|ambergris|amber-xtreme,aldehyde-c-10|aldehyde-c-12-mna|aldehydes,"Minimalist, modern și învăluitor. Note citrice vibrante deschid compoziția, o inimă florală adaugă eleganță, iar o bază lemnoasă caldă asigură longevitate. Pentru cei care apreciază puritatea și sofisticarea discretă.","Минималистичный, современный и обволакивающий унисекс-аромат. Яркие цитрусовые ноты открывают композицию, флоральное сердце добавляет элегантность, а тёплая древесная база обеспечивает долгое звучание. Для тех, кто ценит чистоту и сдержанное совершенство.","Minimalist, modern, and enveloping unisex fragrance. Vibrant citrus top notes open the composition, a floral heart adds elegance, and a warm woody base ensures lasting wear. For those who appreciate purity and understated sophistication.",Maison Alhambra-Monocline 05-1.webp|Maison Alhambra-Monocline 05-2.jpg|Maison Alhambra-Monocline 05-3.webp,,0,10ml,MA-MO-100,200,,,1
MA-MONOCLINE-05,Monocline 05 Eau de Parfum,maison-alhambra,unisex,unisex,Lemnos Citric,Древесный Цитрусовый,Woody Citrus,aldehyde-c-10|aldehyde-c-12-mna|aldehydes|almond|amber|ambergris|amber-xtreme|ambrettolide|ambrocenide|ambroxan-ambroxide,ambrettolide|ambrocenide|ambroxan-ambroxide,almond|amber|ambergris|amber-xtreme,aldehyde-c-10|aldehyde-c-12-mna|aldehydes,"Minimalist, modern și învăluitor. Note citrice vibrante deschid compoziția, o inimă florală adaugă eleganță, iar o bază lemnoasă caldă asigură longevitate. Pentru cei care apreciază puritatea și sofisticarea discretă.","Минималистичный, современный и обволакивающий унисекс-аромат. Яркие цитрусовые ноты открывают композицию, флоральное сердце добавляет элегантность, а тёплая древесная база обеспечивает долгое звучание. Для тех, кто ценит чистоту и сдержанное совершенство.","Minimalist, modern, and enveloping unisex fragrance. Vibrant citrus top notes open the composition, a floral heart adds elegance, and a warm woody base ensures lasting wear. For those who appreciate purity and understated sophistication.",Maison Alhambra-Monocline 05-1.webp|Maison Alhambra-Monocline 05-2.jpg|Maison Alhambra-Monocline 05-3.webp,,0,Full Size,MA-MO-100,800,,,1
MA-NARISSA-ET-MOI,Narissa et Moi Eau de Parfum,maison-alhambra,femei,female,Oriental Floral,Ориентальный Цветочный,Oriental Floral,aldehyde-c-10|aldehyde-c-12-mna|aldehydes|almond|amber|ambergris|amber-xtreme|ambrettolide|ambrocenide|ambroxan-ambroxide,ambrettolide|ambrocenide|ambroxan-ambroxide,aldehyde-c-10|aldehyde-c-12-mna|aldehydes,ambra|caramel|casmir|cedru|cocos|lapte,"Un parfum fructat-floral de lux cu accente gourmand. Coacăze negre și piersică deschid senzual, un buchet floral bogat adaugă rafinament, iar o bază caldă de caramel și ambră lasă un sillage irezistibil.","Роскошный фруктово-флоральный гурманский аромат. Сочные смородина и персик открывают композицию, богатый цветочный букет добавляет изысканность, а тёплая кремовая база из карамели и амбры оставляет неотразимый шлейф.","A luxurious fruity-floral gourmand fragrance. Juicy blackcurrant and peach open the scent, a rich floral bouquet adds refinement, and a warm creamy base of caramel and amber leaves an irresistible trail.",Maison Alhambra — Narissa et Moi - 1.jpg|Maison Alhambra — Narissa et Moi - 2.webp|Maison Alhambra — Narissa et Moi - 3.webp,,0,5ml,MA-NM-100,100,,,1
MA-NARISSA-ET-MOI,Narissa et Moi Eau de Parfum,maison-alhambra,femei,female,Oriental Floral,Ориентальный Цветочный,Oriental Floral,aldehyde-c-10|aldehyde-c-12-mna|aldehydes|almond|amber|ambergris|amber-xtreme|ambrettolide|ambrocenide|ambroxan-ambroxide,ambrettolide|ambrocenide|ambroxan-ambroxide,aldehyde-c-10|aldehyde-c-12-mna|aldehydes,ambra|caramel|casmir|cedru|cocos|lapte,"Un parfum fructat-floral de lux cu accente gourmand. Coacăze negre și piersică deschid senzual, un buchet floral bogat adaugă rafinament, iar o bază caldă de caramel și ambră lasă un sillage irezistibil.","Роскошный фруктово-флоральный гурманский аромат. Сочные смородина и персик открывают композицию, богатый цветочный букет добавляет изысканность, а тёплая кремовая база из карамели и амбры оставляет неотразимый шлейф.","A luxurious fruity-floral gourmand fragrance. Juicy blackcurrant and peach open the scent, a rich floral bouquet adds refinement, and a warm creamy base of caramel and amber leaves an irresistible trail.",Maison Alhambra — Narissa et Moi - 1.jpg|Maison Alhambra — Narissa et Moi - 2.webp|Maison Alhambra — Narissa et Moi - 3.webp,,0,10ml,MA-NM-100,200,,,1
MA-NARISSA-ET-MOI,Narissa et Moi Eau de Parfum,maison-alhambra,femei,female,Oriental Floral,Ориентальный Цветочный,Oriental Floral,aldehyde-c-10|aldehyde-c-12-mna|aldehydes|almond|amber|ambergris|amber-xtreme|ambrettolide|ambrocenide|ambroxan-ambroxide,ambrettolide|ambrocenide|ambroxan-ambroxide,aldehyde-c-10|aldehyde-c-12-mna|aldehydes,ambra|caramel|casmir|cedru|cocos|lapte,"Un parfum fructat-floral de lux cu accente gourmand. Coacăze negre și piersică deschid senzual, un buchet floral bogat adaugă rafinament, iar o bază caldă de caramel și ambră lasă un sillage irezistibil.","Роскошный фруктово-флоральный гурманский аромат. Сочные смородина и персик открывают композицию, богатый цветочный букет добавляет изысканность, а тёплая кремовая база из карамели и амбры оставляет неотразимый шлейф.","A luxurious fruity-floral gourmand fragrance. Juicy blackcurrant and peach open the scent, a rich floral bouquet adds refinement, and a warm creamy base of caramel and amber leaves an irresistible trail.",Maison Alhambra — Narissa et Moi - 1.jpg|Maison Alhambra — Narissa et Moi - 2.webp|Maison Alhambra — Narissa et Moi - 3.webp,,0,Full Size,MA-NM-100,800,,,1
MA-SMOKY-TOUCH,Smoky Touch Eau de Parfum,maison-alhambra,unisex,unisex,Oriental Cuir,Ориентальный Кожаный,Oriental Leather,aldehyde-c-10|aldehyde-c-12-mna|aldehydes|almond|amber|ambergris|amber-xtreme|ambrettolide|ambrocenide|ambroxan-ambroxide,aldehyde-c-10|aldehyde-c-12-mna|aldehydes,ambrettolide|ambrocenide|ambroxan-ambroxide,ambrettolide|ambrocenide|ambroxan-ambroxide,"Îndrăzneț și luxos — piele bogată întâlnește condimente exotice, tămâie aromatică și subtonuri calde de pământ. Un parfum intens, puternic, care atrage atenția. Perfect pentru seri speciale.","Смелый и роскошный аромат с насыщенной кожей и экзотическими специями. Шафран и животные ноты создают интригующее начало, кожа с малиной и ладаном формируют сложное сердце, тёплая амбра завершает композицию. Для особых вечеров.","Bold and luxurious — rich leather meets exotic spices, smoky incense, and warm earthy undertones. An intense, powerful fragrance that commands attention. Perfect for special occasions and cool evenings.",Maison Alhambra — Smoky Touch - 1.webp|Maison Alhambra — Smoky Touch - 2.jpg|Maison Alhambra — Smoky Touch - 3.webp,,0,5ml,MA-ST-80,100,,,1
MA-SMOKY-TOUCH,Smoky Touch Eau de Parfum,maison-alhambra,unisex,unisex,Oriental Cuir,Ориентальный Кожаный,Oriental Leather,aldehyde-c-10|aldehyde-c-12-mna|aldehydes|almond|amber|ambergris|amber-xtreme|ambrettolide|ambrocenide|ambroxan-ambroxide,aldehyde-c-10|aldehyde-c-12-mna|aldehydes,ambrettolide|ambrocenide|ambroxan-ambroxide,ambrettolide|ambrocenide|ambroxan-ambroxide,"Îndrăzneț și luxos — piele bogată întâlnește condimente exotice, tămâie aromatică și subtonuri calde de pământ. Un parfum intens, puternic, care atrage atenția. Perfect pentru seri speciale.","Смелый и роскошный аромат с насыщенной кожей и экзотическими специями. Шафран и животные ноты создают интригующее начало, кожа с малиной и ладаном формируют сложное сердце, тёплая амбра завершает композицию. Для особых вечеров.","Bold and luxurious — rich leather meets exotic spices, smoky incense, and warm earthy undertones. An intense, powerful fragrance that commands attention. Perfect for special occasions and cool evenings.",Maison Alhambra — Smoky Touch - 1.webp|Maison Alhambra — Smoky Touch - 2.jpg|Maison Alhambra — Smoky Touch - 3.webp,,0,10ml,MA-ST-80,200,,,1
MA-SMOKY-TOUCH,Smoky Touch Eau de Parfum,maison-alhambra,unisex,unisex,Oriental Cuir,Ориентальный Кожаный,Oriental Leather,aldehyde-c-10|aldehyde-c-12-mna|aldehydes|almond|amber|ambergris|amber-xtreme|ambrettolide|ambrocenide|ambroxan-ambroxide,aldehyde-c-10|aldehyde-c-12-mna|aldehydes,ambrettolide|ambrocenide|ambroxan-ambroxide,ambrettolide|ambrocenide|ambroxan-ambroxide,"Îndrăzneț și luxos — piele bogată întâlnește condimente exotice, tămâie aromatică și subtonuri calde de pământ. Un parfum intens, puternic, care atrage atenția. Perfect pentru seri speciale.","Смелый и роскошный аромат с насыщенной кожей и экзотическими специями. Шафран и животные ноты создают интригующее начало, кожа с малиной и ладаном формируют сложное сердце, тёплая амбра завершает композицию. Для особых вечеров.","Bold and luxurious — rich leather meets exotic spices, smoky incense, and warm earthy undertones. An intense, powerful fragrance that commands attention. Perfect for special occasions and cool evenings.",Maison Alhambra — Smoky Touch - 1.webp|Maison Alhambra — Smoky Touch - 2.jpg|Maison Alhambra — Smoky Touch - 3.webp,,0,Full Size,MA-ST-80,800,,,1
PC-CARAMEL-BASH,Caramel Bash Eau de Parfum,paris-corner,unisex,unisex,Oriental Vanilat,Ориентальный Ванильный,Oriental Vanilla,aldehyde-c-10|aldehyde-c-12-mna|aldehydes|almond|amber|ambergris|amber-xtreme|ambrettolide|ambrocenide|ambroxan-ambroxide,ambrettolide|ambrocenide|ambroxan-ambroxide,aldehyde-c-10|aldehyde-c-12-mna|aldehydes,ambrettolide|ambrocenide|ambroxan-ambroxide,"Un parfum gourmand bogat, echilibrând condimente calde, flori delicate și dulceață profundă. Bergamotă și cardamom deschid vibrant, inima florală adaugă eleganță, iar caramelul cu oud creează un final irezistibil de adictiv.","Насыщенный гурманский аромат с тёплыми специями, нежными цветами и глубокой сладостью. Бергамот и кардамон дают яркое начало, цветочное сердце добавляет элегантность, а карамель с удом создают аддиктивный финиш.","A rich gourmand fragrance balancing warm spices, soft florals, and deep sweetness. Bergamot and cardamom give a bold opening, a floral heart adds elegance, and caramel with oud create an irresistibly addictive drydown.",Paris Corner — Caramel Bash - 1.webp|Paris Corner — Caramel Bash - 3.webp,,0,5ml,PC-CB-100,100,,,1
PC-CARAMEL-BASH,Caramel Bash Eau de Parfum,paris-corner,unisex,unisex,Oriental Vanilat,Ориентальный Ванильный,Oriental Vanilla,aldehyde-c-10|aldehyde-c-12-mna|aldehydes|almond|amber|ambergris|amber-xtreme|ambrettolide|ambrocenide|ambroxan-ambroxide,ambrettolide|ambrocenide|ambroxan-ambroxide,aldehyde-c-10|aldehyde-c-12-mna|aldehydes,ambrettolide|ambrocenide|ambroxan-ambroxide,"Un parfum gourmand bogat, echilibrând condimente calde, flori delicate și dulceață profundă. Bergamotă și cardamom deschid vibrant, inima florală adaugă eleganță, iar caramelul cu oud creează un final irezistibil de adictiv.","Насыщенный гурманский аромат с тёплыми специями, нежными цветами и глубокой сладостью. Бергамот и кардамон дают яркое начало, цветочное сердце добавляет элегантность, а карамель с удом создают аддиктивный финиш.","A rich gourmand fragrance balancing warm spices, soft florals, and deep sweetness. Bergamot and cardamom give a bold opening, a floral heart adds elegance, and caramel with oud create an irresistibly addictive drydown.",Paris Corner — Caramel Bash - 1.webp|Paris Corner — Caramel Bash - 3.webp,,0,10ml,PC-CB-100,200,,,1
PC-CARAMEL-BASH,Caramel Bash Eau de Parfum,paris-corner,unisex,unisex,Oriental Vanilat,Ориентальный Ванильный,Oriental Vanilla,aldehyde-c-10|aldehyde-c-12-mna|aldehydes|almond|amber|ambergris|amber-xtreme|ambrettolide|ambrocenide|ambroxan-ambroxide,ambrettolide|ambrocenide|ambroxan-ambroxide,aldehyde-c-10|aldehyde-c-12-mna|aldehydes,ambrettolide|ambrocenide|ambroxan-ambroxide,"Un parfum gourmand bogat, echilibrând condimente calde, flori delicate și dulceață profundă. Bergamotă și cardamom deschid vibrant, inima florală adaugă eleganță, iar caramelul cu oud creează un final irezistibil de adictiv.","Насыщенный гурманский аромат с тёплыми специями, нежными цветами и глубокой сладостью. Бергамот и кардамон дают яркое начало, цветочное сердце добавляет элегантность, а карамель с удом создают аддиктивный финиш.","A rich gourmand fragrance balancing warm spices, soft florals, and deep sweetness. Bergamot and cardamom give a bold opening, a floral heart adds elegance, and caramel with oud create an irresistibly addictive drydown.",Paris Corner — Caramel Bash - 1.webp|Paris Corner — Caramel Bash - 3.webp,,0,Full Size,PC-CB-100,800,,,1
PC-DECEMBER-AMBAR,December Ambar Eau de Parfum,paris-corner,unisex,unisex,Oriental Chihlimbar,Ориентальный Янтарный,Oriental Amber,aldehyde-c-10|aldehyde-c-12-mna|aldehydes|almond|amber|ambergris|amber-xtreme|ambrettolide|ambrocenide|ambroxan-ambroxide,almond|amber|ambergris|amber-xtreme,ambrettolide|ambrocenide|ambroxan-ambroxide,aldehyde-c-10|aldehyde-c-12-mna|aldehydes,"O odă iernii — misterios, luminos și irezistibil de cald. Cocos, măr și anason creează o deschidere proaspătă, șofranul și pruna adaugă profunzime orientală, iar baza de caramel și ambră învelește pielea în căldură aurie.","Ода зиме — загадочный, светящийся и неотразимо уютный аромат. Кокос, яблоко и анис создают свежее начало, шафран и слива придают восточный характер, а карамельно-янтарная база обволакивает теплом.","An ode to winter — mysterious, luminous, and irresistibly comforting. Coconut, apple and anise create a fresh opening, saffron and plum add oriental depth, and a caramel-amber base wraps the skin in golden warmth.",Paris Corner — December Ambar - 1.jpg|Paris Corner — December Ambar - 2.png|Paris Corner — December Ambar - 3.webp,,0,5ml,PC-DA-100,100,,,1
PC-DECEMBER-AMBAR,December Ambar Eau de Parfum,paris-corner,unisex,unisex,Oriental Chihlimbar,Ориентальный Янтарный,Oriental Amber,aldehyde-c-10|aldehyde-c-12-mna|aldehydes|almond|amber|ambergris|amber-xtreme|ambrettolide|ambrocenide|ambroxan-ambroxide,almond|amber|ambergris|amber-xtreme,ambrettolide|ambrocenide|ambroxan-ambroxide,aldehyde-c-10|aldehyde-c-12-mna|aldehydes,"O odă iernii — misterios, luminos și irezistibil de cald. Cocos, măr și anason creează o deschidere proaspătă, șofranul și pruna adaugă profunzime orientală, iar baza de caramel și ambră învelește pielea în căldură aurie.","Ода зиме — загадочный, светящийся и неотразимо уютный аромат. Кокос, яблоко и анис создают свежее начало, шафран и слива придают восточный характер, а карамельно-янтарная база обволакивает теплом.","An ode to winter — mysterious, luminous, and irresistibly comforting. Coconut, apple and anise create a fresh opening, saffron and plum add oriental depth, and a caramel-amber base wraps the skin in golden warmth.",Paris Corner — December Ambar - 1.jpg|Paris Corner — December Ambar - 2.png|Paris Corner — December Ambar - 3.webp,,0,10ml,PC-DA-100,200,,,1
PC-DECEMBER-AMBAR,December Ambar Eau de Parfum,paris-corner,unisex,unisex,Oriental Chihlimbar,Ориентальный Янтарный,Oriental Amber,aldehyde-c-10|aldehyde-c-12-mna|aldehydes|almond|amber|ambergris|amber-xtreme|ambrettolide|ambrocenide|ambroxan-ambroxide,almond|amber|ambergris|amber-xtreme,ambrettolide|ambrocenide|ambroxan-ambroxide,aldehyde-c-10|aldehyde-c-12-mna|aldehydes,"O odă iernii — misterios, luminos și irezistibil de cald. Cocos, măr și anason creează o deschidere proaspătă, șofranul și pruna adaugă profunzime orientală, iar baza de caramel și ambră învelește pielea în căldură aurie.","Ода зиме — загадочный, светящийся и неотразимо уютный аромат. Кокос, яблоко и анис создают свежее начало, шафран и слива придают восточный характер, а карамельно-янтарная база обволакивает теплом.","An ode to winter — mysterious, luminous, and irresistibly comforting. Coconut, apple and anise create a fresh opening, saffron and plum add oriental depth, and a caramel-amber base wraps the skin in golden warmth.",Paris Corner — December Ambar - 1.jpg|Paris Corner — December Ambar - 2.png|Paris Corner — December Ambar - 3.webp,,0,Full Size,PC-DA-100,800,,,1
PC-DECEMBER-VANILLA,December Vanilla Eau de Parfum,paris-corner,unisex,unisex,Oriental Vanilat,Ориентальный Ванильный,Oriental Vanilla,aldehyde-c-10|aldehyde-c-12-mna|aldehydes|almond|amber|ambergris|amber-xtreme|ambrettolide|ambrocenide|ambroxan-ambroxide,almond|amber|ambergris|amber-xtreme,aldehyde-c-10|aldehyde-c-12-mna|aldehydes,ambrettolide|ambrocenide|ambroxan-ambroxide,"Un parfum oriental de lux, transportând purtătorul într-o lume de opulență și rafinament. Rom, orhidee și vanilie deschid cu caracter bogat, o inimă picantă de crème brûlée adaugă căldură, iar baza de oud și patchouli lasă o amprentă de neuitat.","Роскошный восточный аромат, переносящий в мир опулентности и утончённости. Ром, орхидея и ваниль дают яркое начало, пряное сердце с крем-брюле добавляет тепло и соблазн, а тёмная база из уда и пачули оставляет незабываемый шлейф.","A fragrance transporting you to a world of oriental luxury and refinement. Rum, orchid and vanilla open with rich character, a spiced crème brûlée heart adds warmth and temptation, and a deep base of oud and patchouli leaves an unforgettable impression.",Paris Corner — December Vanilla -1.webp|Paris Corner — December Vanilla - 2.webp|Paris Corner — December Vanilla - 3.webp,,0,5ml,PC-DV-85,100,,,1
PC-DECEMBER-VANILLA,December Vanilla Eau de Parfum,paris-corner,unisex,unisex,Oriental Vanilat,Ориентальный Ванильный,Oriental Vanilla,aldehyde-c-10|aldehyde-c-12-mna|aldehydes|almond|amber|ambergris|amber-xtreme|ambrettolide|ambrocenide|ambroxan-ambroxide,almond|amber|ambergris|amber-xtreme,aldehyde-c-10|aldehyde-c-12-mna|aldehydes,ambrettolide|ambrocenide|ambroxan-ambroxide,"Un parfum oriental de lux, transportând purtătorul într-o lume de opulență și rafinament. Rom, orhidee și vanilie deschid cu caracter bogat, o inimă picantă de crème brûlée adaugă căldură, iar baza de oud și patchouli lasă o amprentă de neuitat.","Роскошный восточный аромат, переносящий в мир опулентности и утончённости. Ром, орхидея и ваниль дают яркое начало, пряное сердце с крем-брюле добавляет тепло и соблазн, а тёмная база из уда и пачули оставляет незабываемый шлейф.","A fragrance transporting you to a world of oriental luxury and refinement. Rum, orchid and vanilla open with rich character, a spiced crème brûlée heart adds warmth and temptation, and a deep base of oud and patchouli leaves an unforgettable impression.",Paris Corner — December Vanilla -1.webp|Paris Corner — December Vanilla - 2.webp|Paris Corner — December Vanilla - 3.webp,,0,10ml,PC-DV-85,200,,,1
PC-DECEMBER-VANILLA,December Vanilla Eau de Parfum,paris-corner,unisex,unisex,Oriental Vanilat,Ориентальный Ванильный,Oriental Vanilla,aldehyde-c-10|aldehyde-c-12-mna|aldehydes|almond|amber|ambergris|amber-xtreme|ambrettolide|ambrocenide|ambroxan-ambroxide,almond|amber|ambergris|amber-xtreme,aldehyde-c-10|aldehyde-c-12-mna|aldehydes,ambrettolide|ambrocenide|ambroxan-ambroxide,"Un parfum oriental de lux, transportând purtătorul într-o lume de opulență și rafinament. Rom, orhidee și vanilie deschid cu caracter bogat, o inimă picantă de crème brûlée adaugă căldură, iar baza de oud și patchouli lasă o amprentă de neuitat.","Роскошный восточный аромат, переносящий в мир опулентности и утончённости. Ром, орхидея и ваниль дают яркое начало, пряное сердце с крем-брюле добавляет тепло и соблазн, а тёмная база из уда и пачули оставляет незабываемый шлейф.","A fragrance transporting you to a world of oriental luxury and refinement. Rum, orchid and vanilla open with rich character, a spiced crème brûlée heart adds warmth and temptation, and a deep base of oud and patchouli leaves an unforgettable impression.",Paris Corner — December Vanilla -1.webp|Paris Corner — December Vanilla - 2.webp|Paris Corner — December Vanilla - 3.webp,,0,Full Size,PC-DV-85,800,,,1
PC-ESHAL-MUSK,Eshal Musk Eau de Parfum,paris-corner,femei,female,Floral Muscat,Цветочный Мускусный,Floral Musky,aldehyde-c-10|aldehyde-c-12-mna|aldehydes|almond|amber|ambergris|amber-xtreme|ambrettolide|ambrocenide|ambroxan-ambroxide,aldehyde-c-10|aldehyde-c-12-mna|aldehydes,almond|amber|ambergris|amber-xtreme,almond|amber|ambergris|amber-xtreme,"Un parfum floral-gourmand delicat, învelit în mosc cremos. Lotus și lăcrămioare cu o atingere de caramel dau o deschidere proaspătă, iasomia și fresia adaugă romantism, iar moscul cu vanilia lasă un sillage moale și senzual.","Нежный флорально-гурманский аромат в кремовых мускусах. Лотос и ландыш с лёгкой карамелью дают свежее начало, жасмин и фрезия добавляют романтичность, а мускус с ванилью оставляют мягкий кожистый шлейф.","A delicate floral-gourmand wrapped in creamy musks. Lotus and lily of the valley with a touch of caramel give a fresh opening, jasmine and freesia add romance, and musk with vanilla leave a soft skin-like trail.",Paris Corner — Eshal Musk -1.webp|Paris Corner — Eshal Musk - 2.webp|Paris Corner — Eshal Musk - 3.jpg,,0,5ml,PC-EM-100,100,,,1
PC-ESHAL-MUSK,Eshal Musk Eau de Parfum,paris-corner,femei,female,Floral Muscat,Цветочный Мускусный,Floral Musky,aldehyde-c-10|aldehyde-c-12-mna|aldehydes|almond|amber|ambergris|amber-xtreme|ambrettolide|ambrocenide|ambroxan-ambroxide,aldehyde-c-10|aldehyde-c-12-mna|aldehydes,almond|amber|ambergris|amber-xtreme,almond|amber|ambergris|amber-xtreme,"Un parfum floral-gourmand delicat, învelit în mosc cremos. Lotus și lăcrămioare cu o atingere de caramel dau o deschidere proaspătă, iasomia și fresia adaugă romantism, iar moscul cu vanilia lasă un sillage moale și senzual.","Нежный флорально-гурманский аромат в кремовых мускусах. Лотос и ландыш с лёгкой карамелью дают свежее начало, жасмин и фрезия добавляют романтичность, а мускус с ванилью оставляют мягкий кожистый шлейф.","A delicate floral-gourmand wrapped in creamy musks. Lotus and lily of the valley with a touch of caramel give a fresh opening, jasmine and freesia add romance, and musk with vanilla leave a soft skin-like trail.",Paris Corner — Eshal Musk -1.webp|Paris Corner — Eshal Musk - 2.webp|Paris Corner — Eshal Musk - 3.jpg,,0,10ml,PC-EM-100,200,,,1
PC-ESHAL-MUSK,Eshal Musk Eau de Parfum,paris-corner,femei,female,Floral Muscat,Цветочный Мускусный,Floral Musky,aldehyde-c-10|aldehyde-c-12-mna|aldehydes|almond|amber|ambergris|amber-xtreme|ambrettolide|ambrocenide|ambroxan-ambroxide,aldehyde-c-10|aldehyde-c-12-mna|aldehydes,almond|amber|ambergris|amber-xtreme,almond|amber|ambergris|amber-xtreme,"Un parfum floral-gourmand delicat, învelit în mosc cremos. Lotus și lăcrămioare cu o atingere de caramel dau o deschidere proaspătă, iasomia și fresia adaugă romantism, iar moscul cu vanilia lasă un sillage moale și senzual.","Нежный флорально-гурманский аромат в кремовых мускусах. Лотос и ландыш с лёгкой карамелью дают свежее начало, жасмин и фрезия добавляют романтичность, а мускус с ванилью оставляют мягкий кожистый шлейф.","A delicate floral-gourmand wrapped in creamy musks. Lotus and lily of the valley with a touch of caramel give a fresh opening, jasmine and freesia add romance, and musk with vanilla leave a soft skin-like trail.",Paris Corner — Eshal Musk -1.webp|Paris Corner — Eshal Musk - 2.webp|Paris Corner — Eshal Musk - 3.jpg,,0,Full Size,PC-EM-100,800,,,1
PC-KAHEELA-PLATINUM,Kaheela Platinum Eau de Parfum,paris-corner,unisex,unisex,Lemnos Proaspăt,Свежий Древесный,Fresh Woody,aldehyde-c-10|aldehyde-c-12-mna|aldehydes|almond|amber|ambergris|amber-xtreme|ambrettolide|ambrocenide|ambroxan-ambroxide,almond|amber|ambergris|amber-xtreme,aldehyde-c-10|aldehyde-c-12-mna|aldehydes,almond|amber|ambergris|amber-xtreme,"O deschidere fructată proaspătă cu o inimă de cocos exotic și o bază catifelată caldă. Ananasul și ghimbirul creează un start energic, cocosul adaugă căldură tropicală, iar tonka și sandalul finalizează cu senzualitate delicată.","Свежий фруктовый старт с экзотическим кокосовым сердцем и тёплой бархатистой базой. Ананас и имбирь создают энергичное начало, кокос добавляет тропическое тепло, а бобы тонка и сандал завершают аромат мягкой чувственностью.","A fresh fruity opening with an exotic creamy coconut heart and a warm velvety base. Pineapple and ginger create an energetic start, coconut adds tropical warmth, and tonka bean with sandalwood complete the scent with soft sensuality.",Paris Corner — Kaheela Platinum - 1.jpg|Paris Corner — Kaheela Platinum - 2.png|Paris Corner — Kaheela Platinum - 3.jpg,,0,5ml,PC-KP-85,100,,,1
PC-KAHEELA-PLATINUM,Kaheela Platinum Eau de Parfum,paris-corner,unisex,unisex,Lemnos Proaspăt,Свежий Древесный,Fresh Woody,aldehyde-c-10|aldehyde-c-12-mna|aldehydes|almond|amber|ambergris|amber-xtreme|ambrettolide|ambrocenide|ambroxan-ambroxide,almond|amber|ambergris|amber-xtreme,aldehyde-c-10|aldehyde-c-12-mna|aldehydes,almond|amber|ambergris|amber-xtreme,"O deschidere fructată proaspătă cu o inimă de cocos exotic și o bază catifelată caldă. Ananasul și ghimbirul creează un start energic, cocosul adaugă căldură tropicală, iar tonka și sandalul finalizează cu senzualitate delicată.","Свежий фруктовый старт с экзотическим кокосовым сердцем и тёплой бархатистой базой. Ананас и имбирь создают энергичное начало, кокос добавляет тропическое тепло, а бобы тонка и сандал завершают аромат мягкой чувственностью.","A fresh fruity opening with an exotic creamy coconut heart and a warm velvety base. Pineapple and ginger create an energetic start, coconut adds tropical warmth, and tonka bean with sandalwood complete the scent with soft sensuality.",Paris Corner — Kaheela Platinum - 1.jpg|Paris Corner — Kaheela Platinum - 2.png|Paris Corner — Kaheela Platinum - 3.jpg,,0,10ml,PC-KP-85,200,,,1
PC-KAHEELA-PLATINUM,Kaheela Platinum Eau de Parfum,paris-corner,unisex,unisex,Lemnos Proaspăt,Свежий Древесный,Fresh Woody,aldehyde-c-10|aldehyde-c-12-mna|aldehydes|almond|amber|ambergris|amber-xtreme|ambrettolide|ambrocenide|ambroxan-ambroxide,almond|amber|ambergris|amber-xtreme,aldehyde-c-10|aldehyde-c-12-mna|aldehydes,almond|amber|ambergris|amber-xtreme,"O deschidere fructată proaspătă cu o inimă de cocos exotic și o bază catifelată caldă. Ananasul și ghimbirul creează un start energic, cocosul adaugă căldură tropicală, iar tonka și sandalul finalizează cu senzualitate delicată.","Свежий фруктовый старт с экзотическим кокосовым сердцем и тёплой бархатистой базой. Ананас и имбирь создают энергичное начало, кокос добавляет тропическое тепло, а бобы тонка и сандал завершают аромат мягкой чувственностью.","A fresh fruity opening with an exotic creamy coconut heart and a warm velvety base. Pineapple and ginger create an energetic start, coconut adds tropical warmth, and tonka bean with sandalwood complete the scent with soft sensuality.",Paris Corner — Kaheela Platinum - 1.jpg|Paris Corner — Kaheela Platinum - 2.png|Paris Corner — Kaheela Platinum - 3.jpg,,0,Full Size,PC-KP-85,800,,,1
